titulo,descripcion,fecha,lugar,link de compra
Angry Birds Activity Park en Las Palmas de Gran Canaria,"No te pierdas el concierto ""Angry Birds Activity Park en Las Palmas de Gran Canaria"" el pr√≥ximo Jueves 12 de Octubre de 2023 en Angry Birds Activity Park Gran Canaria, Urbanizaci√≥n Puerto Rico, Av. de la Cornisa, 2, 35130 a partir de las 00:00
Con los artistas:

Park
Angry Birds Activity Park",Varias Fechas (12/10/2023 - 10/12/2023),Angry Birds Activity Park Gran Canaria,https://fever.pxf.io/c/1433913/1804385/16345?prodsku=141666&u=https://feverup.com/m/141666&intsrc=CATF_14215
Mundo Aborigen en Las Palmas de Gran Canaria,"No te pierdas el concierto de Aborigen, ""Mundo Aborigen en Las Palmas de Gran Canaria"" el pr√≥ximo Jueves 12 de Octubre de 2023 en Mundo Aborigen, Mundo Aborigen, 35107 a partir de las 00:00
Con los artistas:

Aborigen",Varias Fechas (12/10/2023 - 10/12/2023),Mundo Aborigen,https://fever.pxf.io/c/1433913/1804385/16345?prodsku=141747&u=https://feverup.com/m/141747&intsrc=CATF_14215
Bus tur√≠stico por Las Palmas de Gran Canaria,"No te pierdas el concierto ""Bus tur√≠stico por Las Palmas de Gran Canaria"" el pr√≥ximo Jueves 12 de Octubre de 2023 en Parque Santa Catalina, Parque Santa Catalina 35007 a partir de las 10:00
Con los artistas:

Bus Tur√≠stico
Gran Canaria",Varias Fechas (12/10/2023 - 04/12/2023),Parque Santa Catalina,https://fever.pxf.io/c/1433913/1804385/16345?prodsku=141684&u=https://feverup.com/m/141684&intsrc=CATF_14215
Paseo en camello por las dunas de Maspalomas en Las Palmas de Gran Canaria,"No te pierdas el concierto de Paseo en camello por las dunas de Maspalomas, ""Paseo en camello por las dunas de Maspalomas en Las Palmas de Gran Canaria"" el pr√≥ximo Viernes 13 de Octubre de 2023 en Safari en camello, C. Ocean√≠a 35100 a partir de las 09:00
Con los artistas:

Paseo en camello por las dunas de Maspalomas",Varias Fechas (13/10/2023 - 10/12/2023),Safari en camello,https://fever.pxf.io/c/1433913/1804385/16345?prodsku=141716&u=https://feverup.com/m/141716&intsrc=CATF_14215
Jalezz en Gran Canaria,"No te pierdas el concierto de Jalezz, ""Jalezz en Gran Canaria"" el pr√≥ximo S√°bado 11 de Noviembre de 2023 en ODISEA MUSIC CLUB, AVENIDA DE CANARIAS, 429 a partir de las 23:00
Con los artistas:

Jalezz
Javier Mart√≠nez Gonz√°lez, conocido como Jalezz naci√≥ en Sevilla (Espa√±a) el 19 de Junio de 1998 A los 16 a√±os empez√≥ a curiosear por el mundo de la m√∫sica, donde acabar√≠a subiendo a redes sociales sus primeras covers. Empez√≥ a conocerse m√°s por hacer sus versiones de otros temas por la plataforma de Tik Tok. El estilo por el que decanta es la m√∫sica urbana y entre sus mayores referentes se encuentran Feid, Dalex, Rauw y Lenny Tav√°rez.",En Concierto 11/11/2023 a las 23:00,ODISEA MUSIC CLUB,https://www.tomaticket.es/es-es/entradas-jalezz-gran-canaria
Tardeo 5 estrellas en Gran Canaria,"Domingo 12 Nov
17:00 - 00:00
Grupo principal: fijo discontinuo
Dj: Jos√© viera

Entrada: 10‚Ç¨ con una copa o dos ca√±as

VIVE LOS MEJORES TARDEOS DESDE LAS ALTURAS EN ATICO",12/11/2023 a las 17:00,√Åtico Terraza Lounge,https://www.tomaticket.es/es-es/entradas-tardeo-5-estrellas-en-gran-canaria
MOMO - en Cruce de Arinaga,"¬°Sum√©rgete en el m√°gico universo de ""Momo""! Esta cautivadora obra, basada en la",18/11/2023 a las 18:00,Teatro Cruce de Culturas,https://www.tickentradas.com/eventos/momo-cruce-culturas-2023
CASCANUECES - INTERNATIONAL BALLET COMPANY en Ag√ºimes,"La Navidad es una gran fiesta en casa de Clara, y todos los ni√±os reciben un regalo. A",19/11/2023 a las 18:00,Teatro Auditorio Ag√ºimes,https://www.tickentradas.com/eventos/cascanueces-teatro-auditorio-aguimes-2023
Medea. Filmoteca Filarm√≥nica LPGC,"T√≠tulo: MEDEA , FILMOTECA FILARM√ìNICA LPGC
 A√±o: 1969
Duraci√≥n:118‚Äô
Pa√≠s: ITALIA
Direcci√≥n:  Pier Paolo Pasolini
Gui√≥n: Pier Paolo Pasolini
M√∫sica: Pier Paolo PAsolini
Fotograf√≠a: Ennio Guarnieri
Reparto:  Maria Callas, Massimo Girotti, Guiuseppe Gentile yLaurent Terzieff
-Precio de la entrada: De pago. 5 ‚Ç¨ p√∫blico general. 3 ‚Ç¨ socios SFGC
Sinopsis:  Adaptaci√≥n de la tragedia de Eur√≠pides, en la que Pasolini jug√≥ a oponer el racionalismo propio de la cultura hel√©nica con la sensualidad y la magia orientales. El resultado de la operaci√≥n result√≥ aparente, aunque s√≥lo parcialmente positivo. Es un espect√°culo que posee una innegable capacidad de fascinaci√≥n, pero al que le falta una mayor dosis de coherencia.
 ",21/11/2023 a las 19:00,Centro Cultural CICCA,https://www.tomaticket.es/es-es/entradas-medea-filmoteca-filarmonica
Michael Alonso en Concierto," ""Michael Alonso en Concierto""
D√≠a: 24 de Noviembre de 2023
Hora de comienzo: 20:00H horas.
Duraci√≥n: 100 min minutos aproximadamente 
Precio : 13‚Ç¨
Michael Alonso presenta su nuevo espect√°culo, ‚ÄúEspecie En Extinci√≥n‚Äù. Un concierto cargado de emociones, buenas vibras y mucho color. Con nuevas canciones compuestas por el propio artista y que incluir√° en su segundo trabajo discogr√°fico. Creado para disfrutar y dar un ‚Äúchute‚Äù de energ√≠a.
¬°No te lo puedes perder!",24/11/2023 a las 20:00,Centro Cultural CICCA,https://www.tomaticket.es/es-es/entradas-michael-alonso-en-concierto
Oriental Club Black Friday en Gran Canaria,"¬°Celebra con Oriental el D√≠a del Black Friday en TAO Club & Garden! üéâüñ§üåü

Este Viernes 24 de Noviembre, √∫nete a nosotros en una noche √©pica, quien se imaginaba celebrar el Black Friday?

¬°Prep√°rate para una experiencia inigualable que no querr√°s perderte! üíÉüï∫

TAO Club & Garden se transformar√° en un para√≠so nocturno, ya sabes como la solemos liar para mantenerte en movimiento toda la noche. ¬øEst√°s listo para vivir la fiesta del Black Friday como nunca antes? ¬°No te lo pierdas!",24/11/2023 a las 23:00,TAO Club Garden,https://www.tomaticket.es/es-es/entradas-oriental-club-black-friday-gran-canaria
Concierto Solidario APEM. Fila 0,"""Concierto Solidario"" APEM (Asociaci√≥n Provincial de Esclerosis M√∫ltiple de Las Palmas)
D√≠a: 25 de Noviembre de 2023
Hora de comienzo: 19:00H horas.
Duraci√≥n: 150 min minutos aproximadamente 
Precio DONATIVOS FILA 0 : 5‚Ç¨
El evento que organizamos desde APEM, es totalmente solidario donde todos los artistas participan de manera altruista a favor de nuestra asociaci√≥n. Los beneficios obtenidos ser√°n para llevar la fisioterapia a los distintos municipios de la isla de forma domiciliaria, ya que los pacientes con esclerosis m√∫ltiple en su gran mayor√≠a no pueden llegar a sede debido a su discapacidad.",25/11/2023 a las 19:00,Colaboraci√≥n. Aportaci√≥n Fila 0,https://www.tomaticket.es/es-es/entradas-concierto-solidario-apem-fila-0
Concierto Solidario APEM," ""Concierto Solidario"" APEM (Asociaci√≥n Provincial de Esclerosis M√∫ltiple de Las Palmas)
D√≠a: 25 de Noviembre de 2023
Hora de comienzo: 19:00H horas.
Duraci√≥n: 150 min minutos aproximadamente 
Precio : 12‚Ç¨
El evento que organizamos desde APEM, es totalmente solidario donde todos los artistas participan de manera altruista a favor de nuestra asociaci√≥n. Los beneficios obtenidos ser√°n para llevar la fisioterapia a los distintos municipios de la isla de forma domiciliaria, ya que los pacientes con esclerosis m√∫ltiple en su gran mayor√≠a no pueden llegar a sede debido a su discapacidad.",25/11/2023 a las 19:00,Centro Cultural CICCA,https://www.tomaticket.es/es-es/entradas-concierto-solidario-apem
"ARINAGA EN CINCO CUERDAS - GERM√ÅN L√ìPEZ - JOSEMI CARMONA, JAVIER COLINA Y BANDOLERO en Ag√ºimes",GERM√ÅN L√ìPEZ,25/11/2023 a las 19:30,Teatro Auditorio Ag√ºimes,https://www.tickentradas.com/eventos/arinaga-en-cinco-cuertdas-teatro-auditorio-aguimes-2023
"MAM√Å NOELIA - ANTONIA SAN JUAN, YEYO BAYEYO Y SANTI ALMEIDA en Cruce de Arinaga","MAMA NOELIA no es una historia nueva pero s√≠ es novedosa porque la protagonista es una mujer y es ella la que tiene que cambiar.La Navidad para Mam√° Noelia es una √©poca de mucho trabajo, como para casi todas las mujeres y madres. No solo porque siempre se han tenido que encargar de hacer todas las tareas dom√©sticas: preparar la cena, decorar la casa, hacer las compras.... Mam√° Noelia no solo tiene esta responsabilidad, sino que adem√°s tiene una carga impuesta que es la de ayudar a Pap√° Noel y acompa√±arle en el reparto de juguetes el d√≠a 24 Diciembre por todo el mundo, como as√≠ se estableci√≥ cuando comenz√≥ la relaci√≥n entre ambos (se casaron)As√≠ ha sido la historia de nuestra protagonista hasta ahora, pero la crisis aparece cuando Pap√° Noel se vuelve m√°s y m√°s ego√≠sta y decide quedarse en casa, y que sea ella la que haga todo el trabajo, pero √©l quiere seguir manteniendo su imagen y su estatus de cara a la galer√≠a sin darle a ella lugar y sin que nadie se entere, con lo cual la obliga a disfrazarse de √©l teniendo que ponerse una barba y una barriga, incluso impostando su famoso",26/11/2023 a las 18:00,Teatro Cruce de Culturas,https://www.tickentradas.com/eventos/mama-noelia-cruce-culturas-2023
"Los tres encuentros: mente, alma y esp√≠ritu","""Los tres encuentros: mente, alma y esp√≠ritu"" Una obra de Efra√≠n Ja√©n
D√≠a: 01 de Diciembre de 2023
Hora de comienzo: 20:30H horas.
Duraci√≥n: 70 min minutos aproximadamente 
Precio : 15‚Ç¨
Sinopsis: Obra musicada en la que la actriz a  trav√©s de la m√∫sica y la danza va entendiendo la diferencia entre estas tres partes; mente, alma y esp√≠ritu.",01/12/2023 a las 20:30,Centro Cultural CICCA,https://www.tomaticket.es/es-es/entradas-los-tres-encuentros-mente-alma-y-espiritu
KeTeKalles en Ciclo Soplo de Letras - Gran Canarias en Las Palmas de Gran Canaria,"Concierto de Ketekalles en Gran Canarias, ¬°Compra tus entradas para Ketekalles en Gran Canarias!, es un concierto que tiene lugar el 02/12/2023 a las 20:00 en F√°brica La Isleta, Gran Canarias, Espa√±a. El estilo del concierto es Funk, Hip hop, Pop, Soul y Urbano.",02/12/2023 a las 19:00,F√°brica La Isleta,https://www.wegow.com/es/compra/ketekalles-en-ciclo-soplo-de-letras-gran-canarias#a_aid=Tomaticket&a_bid=3f03c6de&Tomaticket
COLACERDO - en Cruce de Arinaga,"Entre una primera boda y hasta que se cumple la profec√≠a, transcurre todo un siglo.",02/12/2023 a las 19:30,Teatro Cruce de Culturas,https://www.tickentradas.com/eventos/colacerdo-cruce-culturas-2023
Antonio Fern√°ndez S√°nchez(XIX CONGRESO MUNDIAL DEL SAXOF√ìN 2023),"T√çTULO DEL CONCIERTO
Modern Galician Saxophone
PROGRAMA DEL CONCIERTO
Lin sha¬¥ Allha (ojal√°) para saxof√≥n alto solo‚Ä¶‚Ä¶‚Ä¶‚Ä¶‚Ä¶‚Ä¶‚Ä¶‚Ä¶‚Ä¶‚Ä¶‚Ä¶‚Ä¶..Juan Eiras
Pieza para saxof√≥n soprano‚Ä¶‚Ä¶‚Ä¶‚Ä¶‚Ä¶‚Ä¶‚Ä¶‚Ä¶‚Ä¶‚Ä¶‚Ä¶‚Ä¶‚Ä¶‚Ä¶‚Ä¶‚Ä¶‚Ä¶‚Ä¶‚Ä¶‚Ä¶‚Ä¶‚Ä¶‚Ä¶‚Ä¶‚Ä¶‚Ä¶‚Ä¶.Nacho Ma√±√°
Ambas obras son Estrenos absolutos
NOTA DE PROGRAMA
Como tradici√≥n milenaria, la m√∫sica forma parte de la identidad gallega, cantando sus ricas leyendas y su legado. Probablemente, el saxof√≥n sea el m√°s vocal de los instrumentos de viento. La voz del saxof√≥n nos muestra un camino fant√°stico para traer esas leyendas al presente.
Desde septiembre de 2022, estoy establecido profesionalmente en Galicia, la tierra de mi familia y el pa√≠s en el que siempre quise vivir. Tengo muy buenos recuerdos de mi abuelo y yo, tocando juntos el clarinete y el saxof√≥n, y de mi abuela, cantando todas esas canciones tradicionales. Ellos me ense√±aron todo ese incre√≠ble legado. El legado debe conservarse, pero un int√©rprete moderno necesita piezas nuevas para mostrar su propia voz. Por eso animo a dos brillantes compositores gallegos a los que admiro a componer nuevas piezas para el XIX CSM, mis queridos Juan Eireas y Nacho Ma√±√°.",06/12/2023 a las 11:30,Centro Cultural CICCA,https://www.tomaticket.es/es-es/entradas-antonio-fernandez-sanchezxix-congreso-mundial-del-saxofon-2023
Jenni Watson( XIX CONGRESO MUNDIAL DEL SAXOF√ìN 2023),"T√çTULO DEL CONCIERTO
OPEN TOWER
PROGRAMA DEL CONCIERTO
Open Tower para saxof√≥n alto y delay‚Ä¶‚Ä¶‚Ä¶‚Ä¶‚Ä¶..Jenni Watson
Enveloped  para saxof√≥n alto y canto de p√°jaros‚Ä¶‚Ä¶‚Ä¶‚Ä¶‚Ä¶‚Ä¶Wally Wallace
Bleaching para saxof√≥n alto y pista de acompa√±amiento‚Ä¶‚Ä¶‚Ä¶‚Ä¶‚Ä¶‚Ä¶‚Ä¶Erin Royer
NOTA DE PROGRAMA
OPEN TOWER es un recital de 20 minutos de composiciones originales para saxof√≥n solo y efectos/pista de acompa√±amiento.
Open Tower para saxof√≥n alto y delay es una obra casi postminimalista compuesta a partir de improvisaciones grabadas en el fondo de una enorme torre de refrigeraci√≥n, jugando con el delay natural y la ac√∫stica de la estructura abandonada. 
Enveloped  para saxof√≥n alto y canto de p√°jaros compuesta por Wally Wallace para The Saxophone Academy (EE.UU.) y encierra la sensaci√≥n de estar rodeado por un bosque de √°rboles verdes imposiblemente altos. En 2 movimientos cortos, explora un acto silencioso de escucha, utilizando una larga l√≠nea mel√≥dica y desarrollando grooves con un equilibrio que abarca simult√°neamente emociones positivas y negativas.
Bleaching para saxof√≥n alto y pista de acompa√±amiento de Erin Royer (Yamaha Artist, Perth WA) y es una respuesta a la devastaci√≥n del blanqueamiento del coral. Navegando a trav√©s de muchos pasajes intrincados, desde la meditaci√≥n ambiental a complejas estructuras r√≠tmicas, explora el aprecio por la belleza de la vida en el oc√©ano, la devastaci√≥n sombr√≠a y, finalmente, una esperanza positiva para el futuro: que todav√≠a hay tiempo para salvar los arrecifes de coral",06/12/2023 a las 13:00,Centro Cultural CICCA,https://www.tomaticket.es/es-es/entradas-jenni-watson-xix-congreso-mundial-del-saxofon-2023
Robert Finegan (XIX CONGRESO MUNDIAL DEL SAXOF√ìN 2023),"T√çTULO DEL CONCIERTO
Modern View of Ancient Ireland
PROGRAMA DEL CONCIERTO
Luminescence‚Ä¶‚Ä¶‚Ä¶‚Ä¶‚Ä¶‚Ä¶‚Ä¶‚Ä¶‚Ä¶‚Ä¶‚Ä¶‚Ä¶‚Ä¶‚Ä¶‚Ä¶‚Ä¶‚Ä¶‚Ä¶‚Ä¶‚Ä¶‚Ä¶‚Ä¶.Christopher Moriarty (*world premiere of new version)
Three Louth Legends‚Ä¶‚Ä¶‚Ä¶‚Ä¶‚Ä¶‚Ä¶‚Ä¶‚Ä¶‚Ä¶‚Ä¶‚Ä¶‚Ä¶‚Ä¶‚Ä¶‚Ä¶..John Buckley
Mvt 1 ‚Äì Salmon of Knowledge
Mvt 2 ‚Äì Cuchulainn and Ferdia
Mvt 3 ‚Äì Brown Bull of Cooley
NOTA DE PROGRAMA
¬´Modern View of Ancient Ireland¬ª es una serie de obras para saxof√≥n y electr√≥nica de compositores irlandeses, encargadas por Robert. Cada pieza de la serie aborda un aspecto diferente de la rica historia y cultura antiguas de Irlanda.
Este proyecto, que describe desde los bellos paisajes que rodean la isla hasta las leyendas y el folclore que se ense√±a a los ni√±os desde peque√±os, es muy personal para Robert. La incorporaci√≥n de la electr√≥nica junto con las visiones personales de los compositores irlandeses contempor√°neos proporciona una visi√≥n moderna de estos temas antiguos.
Christopher Moriarty (n.1993) ‚Äì Luminiscencia (*estreno mundial de la nueva versi√≥n)
All√°, en el gran mar de hierba de Delirium, se alza una remota colina coronada de bosquecillos. La mism√∫sica de este lugar se eleva en vapor resplandeciente, enrosc√°ndose en grandes espirales de iridiscencia.
Sobre el dosel ondulante se retuerce un triskelion luminiscente de serpientes doradas; una mir√≠ada de criaturas se retuercen y consumen para renacer, girar y consumirse de nuevo. Intenta acercarte y este lios se resiste a ser capturado: para siempre en el horizonte abrasador del crep√∫sculo.
Inscrito en las Grandes Puertas Doradas de Ciudad M√°gica se encuentra este mismo s√≠mbolo, que concentra la mistm√∫sica de esta lejana colina en los siete templos de piedra ca√≠da que rodean las murallas de la ciudad. Desde estos santuarios, la Torre de Cristal, situada en la plaza central de Ciudad M√°gica, capta grandes y enmara√±ados arco iris de luz que iluminan las calles jaspeadas de la ciudad¬ª.
John Buckley (n. 1951) ‚Äì Tres leyendas de Louth
Mvt 1 ‚Äì El Salm√≥n del Conocimiento
Mvt 2 ‚Äì Cuchulainn y Ferdia
Mvt 3 ‚Äì Toro Marr√≥n de Cooley
Louth no s√≥lo es el condado natal de Robert, sino que tambi√©n es conocido como el Pa√≠s de las Leyendas. Tres de las m√°s grandes sagas situadas all√≠ constituyen la base de la obra: El Salm√≥n del Conocimiento, Cuchulainn y Ferdia y El Toro Pardo de Cooley.
  Cada uno de los tres movimientos se inspira y extrae su car√°cter y estado de √°nimo de las leyendas mencionadas: l√≠rico, heroico, dram√°tico. Estas leyendas no s√≥lo tienen un gran significado nacional, sino que son conocidas en todo el mundo como la representaci√≥n m√°s profunda de nuestra primitiva herencia celta.
 ",06/12/2023 a las 14:20,Centro Cultural CICCA,https://www.tomaticket.es/es-es/entradas-robert-finegan-xix-congreso-mundial-del-saxofon-2023
Masanori Oishi (XIX CONGRESO MUNDIAL DEL SAXOF√ìN 2023),"T√çTULO DEL CONCIERTO
Saxophone and electronic works by Japanese composers
PROGRAMA DEL CONCIERTO
Cold Open ‚Ä¶‚Ä¶‚Ä¶‚Ä¶‚Ä¶‚Ä¶‚Ä¶‚Ä¶‚Ä¶‚Ä¶‚Ä¶‚Ä¶‚Ä¶‚Ä¶‚Ä¶‚Ä¶..Kazutomo YAMAMOTO (Estreno europeo Comisi√≥n de Masanori Oishi)
Hypersanity para saxof√≥n alto y electr√≥nica‚Ä¶‚Ä¶‚Ä¶‚Ä¶‚Ä¶‚Ä¶‚Ä¶‚Ä¶‚Ä¶‚Ä¶‚Ä¶.Takumi IKEDA (Estreno europeo Encargo de Masanori Oishi y Sumihisa Arima)
The Rise of The Saxophone para saxof√≥n alto y v√≠deo‚Ä¶‚Ä¶‚Ä¶.Tomomi ADACHI (Estreno en Espa√±a Comisi√≥n y la interpretaci√≥n en el v√≠deo de Masanori Oishi)
NOTA DE PROGRAMA
Concierto de obras para saxof√≥n y electr√≥nica de tres compositores japoneses conocidos por sus composiciones especialmente experimentales. Todos ellos fueron encargados por Masanori Oishi e interpretar√°n obras que exploran nuevas posibilidades, entre ellas una pieza para partitura de v√≠deo, una pieza electroac√∫stica y una pieza que se toca mientras se muestrea..",06/12/2023 a las 15:40,Centro Cultural CICCA,https://www.tomaticket.es/es-es/entradas-masanori-oishi-xix-congreso-mundial-del-saxofon-2023
Conferencia de Phillipe Geiss y Christophe Gr√®zes (XIXCONGRESO MUNDIAL DEL SAXOF√ìN 2023),,06/12/2023 a las 16:30,SALA CAIRASCO,https://www.tomaticket.es/es-es/entradas-conferencia-de-phillipe-geiss-y-christophe-grezes-xixcongreso-mundial-del-saxofon-2023
Duo correntes (XIX CONGRESO MUNDIAL DEL SAXOF√ìN 2023),"T√çTULO DEL CONCIERTO
M√∫sica de Mulheres Brasileiras
PROGRAMA DEL CONCIERTO
Ga√∫cho (Corta-Jaca)‚Ä¶‚Ä¶‚Ä¶‚Ä¶‚Ä¶‚Ä¶‚Ä¶‚Ä¶‚Ä¶‚Ä¶‚Ä¶. Francisca Edwiges Neves Gonzaga
Gratid√£o‚Ä¶‚Ä¶‚Ä¶‚Ä¶‚Ä¶‚Ä¶‚Ä¶‚Ä¶‚Ä¶‚Ä¶‚Ä¶Am√©lia Brand√£o Nery
Chuvisco‚Ä¶‚Ä¶‚Ä¶‚Ä¶‚Ä¶‚Ä¶‚Ä¶‚Ä¶‚Ä¶‚Ä¶..Am√©lia Brand√£o Nery
Yatra-T√°‚Ä¶‚Ä¶‚Ä¶‚Ä¶‚Ä¶‚Ä¶‚Ä¶‚Ä¶‚Ä¶‚Ä¶‚Ä¶.Tania Maria
Muita Bobeira‚Ä¶‚Ä¶‚Ä¶‚Ä¶‚Ä¶‚Ä¶.Luciana Souza
N√£o Se Impressione (Forrobod√≥ de Massada)‚Ä¶‚Ä¶‚Ä¶‚Ä¶‚Ä¶‚Ä¶‚Ä¶‚Ä¶‚Ä¶.Francisca Edwiges Neves Gonzaga
NOTA DE PROGRAMA
Este programa celebra la m√∫sica brasile√±a compuesta por mujeres. Comenzamos con dos obras de choro de Chiquinha Gonzaga, la compositora m√°s conocida del siglo XIX en Brasil. Mientras que el choro se tocaba tradicionalmente con flauta, guitarra y cavaquinho con secci√≥n r√≠tmica, Gonzaga fue la primera en tocar el choro al piano. Continuamos la tradici√≥n de mostrar la belleza y flexibilidad de este g√©nero musical presentando nuevos arreglos para guitarra y saxof√≥n tenor. La m√∫sica de choro destaca elementos del ritmo y la armon√≠a brasile√±os tanto en las melod√≠as compuestas como en la improvisaci√≥n de los int√©rpretes.
A continuaci√≥n exploramos la m√∫sica de otras tres mujeres brasile√±as. Presentamos dos piezas de Tia √Åmelia, la primera de las cuales (Gratid√£o) es un vals que compuso a los 12 a√±os.
Las tres √∫ltimas obras del programa incluyen voz y saxof√≥n. Tania Maria interpret√≥ originalmente Yatra-T√° al piano con voz, mientras que en este nuevo arreglo el saxof√≥n asume en gran medida el papel de la voz. La obra m√°s contempor√°nea del programa es Muita Bobeira, de Luciana Souza. Interpretamos un arreglo muy fiel a la grabaci√≥n de Souza de 2006 con guitarra, presentando la letra en el portugu√©s original y sustituyendo la improvisaci√≥n vocal de jazz por saxof√≥n.
El programa concluye con otro nuevo arreglo de una obra alegre y movida de Chiquinha Gonzaga (N√£o Se Impressione), a√±adiendo un segundo saxof√≥n al conjunto.",06/12/2023 a las 17:00,Centro Cultural CICCA,https://www.tomaticket.es/es-es/entradas-duo-correntes-xix-congreso-mundial-del-saxofon-2023
Hutchins-Wheeler Duo (XIX CONGRESO MUNDIAL DEL SAXOF√ìN 2023),"T√çTULO DEL CONCIERTO
New works for saxophone duo
PROGRAMA DEL CONCIERTO
Are we all lost like you?‚Ä¶‚Ä¶‚Ä¶‚Ä¶‚Ä¶‚Ä¶‚Ä¶‚Ä¶‚Ä¶‚Ä¶‚Ä¶‚Ä¶‚Ä¶‚Ä¶‚Ä¶‚Ä¶‚Ä¶‚Ä¶‚Ä¶.Kyle Hutchins for saxophone duo
Sclavonian Winds‚Ä¶‚Ä¶‚Ä¶‚Ä¶‚Ä¶‚Ä¶‚Ä¶‚Ä¶‚Ä¶‚Ä¶‚Ä¶‚Ä¶‚Ä¶‚Ä¶Tiffany M. Skidmore for saxophone duo (World Premiere)
NOTA DE PROGRAMA
Kyle Hutchins y Kendra Wheeler interpretan a d√∫o las nuevas obras are we all lost like you? de Kyle Hutchins y Sclavonian Winds de Tiffany M. Skidmore.",06/12/2023 a las 18:20,Centro Cultural CICCA,https://www.tomaticket.es/es-es/entradas-hutchins-wheeler-duo-xix-congreso-mundial-del-saxofon-2023
Conferencia de Henrique Portovedo (XIX CONGRESO MUNDIAL DEL SAXOF√ìN 2023),,06/12/2023 a las 18:30,SALA CAIRASCO,https://www.tomaticket.es/es-es/entradas-conferencia-de-henrique-portovedo-xix-congreso-mundial-del-saxofon-2023
Bender Puzhi Duo (XIXCONGRESO MUNDIAL DEL SAXOF√ìN 2023),"T√çTULO DEL CONCIERTO
Music for Differently-Abled Saxophonist by Oregon Composers
PROGRAMA DEL CONCIERTO
Move with Brightness of Peace‚Ä¶‚Ä¶‚Ä¶‚Ä¶‚Ä¶Chelsea Majkut for two alto saxophones. WORLD PREMIERE
Offering‚Ä¶‚Ä¶‚Ä¶‚Ä¶‚Ä¶‚Ä¶‚Ä¶‚Ä¶‚Ä¶‚Ä¶‚Ä¶‚Ä¶‚Ä¶‚Ä¶‚Ä¶‚Ä¶‚Ä¶‚Ä¶‚Ä¶‚Ä¶‚Ä¶‚Ä¶‚Ä¶‚Ä¶.. Todd Barton for two alto saxophones and fixed media
NOTA DE PROGRAMA
El objetivo del d√∫o Bender Puzhi es crear y encargar m√∫sica dise√±ada espec√≠ficamente para saxofonistas con discapacidades. Nuestro objetivo es ofrecer una experiencia musical integradora a los saxofonistas con discapacidades diferentes. Con la ayuda de dos renombrados compositores de Oreg√≥n, Todd Barton y Chelsea Majkut, presentamos dos hermosos estrenos para saxof√≥n.",06/12/2023 a las 19:40,Centro Cultural CICCA,https://www.tomaticket.es/es-es/entradas-bender-puzhi-duo-xixcongreso-mundial-del-saxofon-2023
Grupo de Saxofones del Conservatorio Superior de M√∫sica de Arag√≥n (XIXCONGRESO MUNDIAL DE SAXOF√ìN 2023),"T√çTULO DEL CONCIERTO
Miradas futuras
PROGRAMA DEL CONCIERTO
Datamorph I * para ensemble de saxofones, electr√≥nica y v√≠deo‚Ä¶‚Ä¶‚Ä¶‚Ä¶‚Ä¶Alejandro √Ålvarez
 Ruinas para saxof√≥n tenor solo‚Ä¶‚Ä¶‚Ä¶‚Ä¶‚Ä¶‚Ä¶‚Ä¶‚Ä¶‚Ä¶‚Ä¶‚Ä¶‚Ä¶‚Ä¶‚Ä¶‚Ä¶‚Ä¶‚Ä¶‚Ä¶‚Ä¶‚Ä¶‚Ä¶‚Ä¶‚Ä¶‚Ä¶‚Ä¶‚Ä¶‚Ä¶‚Ä¶‚Ä¶‚Ä¶‚Ä¶‚Ä¶‚Ä¶‚Ä¶..Alberto Posadas
Datamorph II * para ensemble de saxofones, electr√≥nica y v√≠deo‚Ä¶‚Ä¶‚Ä¶‚Ä¶‚Ä¶.Alejandro √Ålvarez
*estreno absoluto
NOTA DE PROGRAMA
La mirada social-cultural actual est√° en quiebra. En este tiempo de postmodernidad, las nuevas generaciones de artistas necesitamos alzar la voz para reflexionar sobre nuestro tiempo.
Desde el Aula de Saxof√≥n del Conservatorio Superior de M√∫sica de Arag√≥n queremos ofrecer un espect√°culo que muestre ese espacio fronterizo entre lo anal√≥gico y lo electr√≥nico, el sonido, el teatro y la performance. Para ello hemos elegido a uno de nuestros j√≥venes compositores m√°s brillantes, compa√±ero nuestro del CSMA, Alejandro √Ålvarez, que pondr√° sonido a esta nueva obra estructurada en dos partes para octeto de saxofones y
electr√≥nica, en cuyo interludio se podr√° escuchar la obra de Alberto Posadas ‚ÄúRuinas‚Äù para saxof√≥n tenor solo, la cual ser√° el conector est√©tico de la nueva obra.
Datamorph ‚Äì _Para ensemble de saxofones, electr√≥nica y v√≠deo.
*+ estreno absoluto
‚ÄúConviene recordar que en tales espacios residen nuestros datos, tanto los personales como los colectivos, datos que nosotros mismos hemos cedido para que, vali√©ndose de ellos, toda una constelaci√≥n de redes de bots generen un yo
paralelo de cada uno de nosotros, paralelo en tanto en cuanto opera en nuestro nombre sin nosotros saberlo, un yo paralelo al que, desde ahora, podemos llamar yo estad√≠stico o identidad estad√≠stica y que es el resultado de la prospecci√≥n, adivinaci√≥n de comportamientos y, al fin, operaciones reales que los bots ejercen
en nombre de cada uno de nosotros y de cada una de nuestras identidades supuestamente reales.‚Äù Agust√≠n Fern√°ndez Mallo. Los residuos de nuestra identidad est√°n hoy esparcidos no solo por el
mundo f√≠sico sino tambi√©n por el virtual. Comentarios en las redes, ideas, opiniones, fotograf√≠as, historias, v√≠deos, correos, b√∫squedas y un largo etc√©tera de datos que configuran una pluralidad de yoes de los que el mercado se sirve para predecir, modelar y modificar nuestro comportamiento como consumidores.
Datamorph no solo reflexiona sobre esta realidad, sino que explora y explota la identidad de sus int√©rpretes con la finalidad de establecer un di√°logo entre √©sta, la propia fisicidad de los saxofonistas y el perfil que se deduce de la recopilaci√≥n y an√°lisis de los datos que ellos mismos habr√°n proporcionado previamente en el marco de la obra.
Alejandro √Ålvarez, compositor",07/12/2023 a las 09:30,Centro Cultural CICCA,https://www.tomaticket.es/es-es/entradas-grupo-de-saxofones-del-conservatorio-superior-de-musica-de-aragon-xixcongreso-mundial-de-saxofon-2023
Conferencia de Eladio Selles Navarro (XIX CONGRESO MUNDIAL DEL SAXOF√ìN 2023),,07/12/2023 a las 10:30,SALA CAIRASCO,https://www.tomaticket.es/es-es/entradas-conferencia-de-eladio-selles-navarro-xix-congreso-mundial-del-saxofon-2023
Ruben Caballero Ortega (XIX CONGRESO MUNDIAL DEL SAXOF√ìN 2023),"T√çTULO DEL CONCIERTO
NUEVA M√öSICA ANDALUZA PARA SAXOFON
PROGRAMA DEL CONCIERTO
Azahar  (PREMIERE PERFORMANCE)‚Ä¶‚Ä¶‚Ä¶‚Ä¶‚Ä¶..Rub√©n Caballero Ortega
Ram√©  (PREMIERE PERFORMANCE) ‚Ä¶‚Ä¶‚Ä¶‚Ä¶‚Ä¶‚Ä¶‚Ä¶Sergio Ramos Rodr√≠guez
N√©bula (PREMIERE PERFORMANCE)‚Ä¶‚Ä¶‚Ä¶‚Ä¶‚Ä¶‚Ä¶‚Ä¶Rub√©n Caballero Ortega
Ta¬¥Ra (PREMIERE PERFORMANCE)‚Ä¶‚Ä¶‚Ä¶‚Ä¶‚Ä¶Sergio Ramos Rodr√≠guez
A la luz de un candil ( PREMIERE PERFORMANCE)‚Ä¶‚Ä¶‚Ä¶‚Ä¶‚Ä¶‚Ä¶.Oscar Musso Buend√≠a
NOTA DE PROGRAMA
Este conjunto de obras fue editada a finales de 2020, con motivo del encuentro pedag√≥gico de saxof√≥n Andalucia Sax, que pretende la divulgaci√≥n de un nuevo repertorio de m√∫sica para saxof√≥n de compositores andaluces. Estos tres compositores andaluces, con gran relaci√≥n con el saxof√≥n y la m√∫sica m√°s tradicional andaluza. Su inspiraci√≥n parte de la m√∫sica tradicional y popular hasta las ra√≠ces flamencas fusionadas con todas las posibilidades que ofrece el saxof√≥n y la m√∫sica contempor√°nea.",07/12/2023 a las 11:00,Centro Cultural CICCA,https://www.tomaticket.es/es-es/entradas-ruben-caballero-ortega-xix-congreso-mundial-del-saxofon-2023
1 2 3 Flassico! (XIX CONGRESO MUNDIAL DEL SAXOF√ìN 2023),"T√çTULO DEL CONCIERTO
Flassico
PROGRAMA DEL CONCIERTO
Dansa nocturna (saxophone, dance)‚Ä¶‚Ä¶‚Ä¶‚Ä¶‚Ä¶‚Ä¶‚Ä¶‚Ä¶‚Ä¶‚Ä¶David Salleras
Flamenco etude nr 1, (saxophone)‚Ä¶‚Ä¶‚Ä¶‚Ä¶‚Ä¶‚Ä¶‚Ä¶‚Ä¶‚Ä¶‚Ä¶‚Ä¶‚Ä¶.Kristof Zgraja
Flassico ‚Äì Farruca, based on farruca Punta y Tacon‚Ä¶‚Ä¶‚Ä¶‚Ä¶‚Ä¶‚Ä¶‚Ä¶‚Ä¶‚Ä¶‚Ä¶..Sabicas (WORLD PREMIERE) (saxophone, dance, guitar)
NOTA DE PROGRAMA
Flassico es el pr√≥ximo proyecto de las hermanas Wolynczyks, que colaboran repetidamente en programas de fusi√≥n, como Tierra y Alma, Tierra y Alcal√°. Esta vez han invitado al fant√°stico guitarrista flamenco Kamil Urbanski.
Flassico es un viaje musical de b√∫squeda de la verdad en la expresi√≥n, el lenguaje musical y el virtuosismo. Qu√© tocar y c√≥mo tocar para presentar una imagen coherente, llena de significado, extremadamente honesta y veraz
a nosotros mismos y al p√∫blico. As√≠ va en cierto modo inspirada en la Sonata de Hindemith. La primera pieza, Dansa nocturna de David Salleras, pone su fuerte impacto cl√°sico en la danza: el bailar√≠n tiene que subordinarse a la m√∫sica, el int√©rprete debe seguir estrictamente el texto. En el Estudio flamenco de Zgraja, los artistas muestran sus dudas sobre el modo en que debe evolucionar esta m√∫sica. Buscan experimentando con el sonido, los efectos y la interpretaci√≥n. Mientras que en la farruca final ‚Äì finalmente encuentran el equilibrio entre las necesidades art√≠sticas y la expresi√≥n veraz de cada uno de los m√∫sicos: saxofonista, guitarrista y bailaor.
farruca (√°rabe ¬´faruq¬ª ‚Äì ¬´valiente¬ª) ‚Äì uno de los m√°s recientes estilos de flamenco agallegado. Fue popularizado en Polonia por la familia Wolynczyk gracias a su versi√≥n valiente en el a√±o 2007.",07/12/2023 a las 12:30,Centro Cultural CICCA,https://www.tomaticket.es/es-es/entradas-1-2-3-flassico-xix-congreso-mundial-del-saxofon-2023
